S/No.,Vehicle Registration No.,Financed by/ source of funds,Engine No.,Chassis No.,Tag number/,Make & Model,Year of purchase,PV number,Original Location,Current Location,Replacement Date (if applicable),Amount,Depreciation rate,Annual depreciation,Accumulated depreciation,Net Book Value,Date of disposal,Disposal value,Responsible officer,Asset condition,Does the MV have a log book(Y/N),Notes
1,GKB 671S,GOK,1HZ-0879638,JTELB71J50-7726026,,LAND CRUISER,2017.0,,POOL,POOL,2027.0,7541000.0,10.0,754100.0,3770500.0,3770500.0,2027.0,,MULEI,SERVICEABLE,Y,SERVICEABLE
2,GKB 672S,GOK,1HZ-0879637,JTELB71J30-7726025,,LAND CRUISER,2017.0,,POOL,POOL,2027.0,7541000.0,10.0,754100.0,3770500.0,3770500.0,2027.0,,MULEI,SERVICEABLE,Y,SERVICEABLE
3,GKB 673S,GOK,1HZ-0879629,JTELB71J80-7726022,,LAND CRUISER,2017.0,,POOL,MAKINDU POLICE STATION,2027.0,7541000.0,10.0,754100.0,3770500.0,3770500.0,2027.0,,MULEI,UNSERVICEABLE,Y,MARKED FOR DISPOSAL
4,GKB 961U,GOK,1HZ-0903152,JTELB71J00-7727357,,LAND CRUISER,2018.0,,POOL,POOL,2028.0,7541000.0,10.0,754100.0,3770500.0,3770500.0,2028.0,,MULEI,SERVICEABLE,Y,SERVICEABLE
5,GKB 962U,GOK,1HZ-0903161,JTELB71J20-7727361,,LAND CRUISER,2018.0,,POOL,POOL,2028.0,7541000.0,10.0,754100.0,3770500.0,3770500.0,2028.0,,MULEI,SERVICEABLE,Y,SERVICEABLE
6,GKB 963U,GOK,1HZ-0903448,JTELB71J00-7727374,,LAND CRUISER,2018.0,,POOL,POOL,2028.0,7541000.0,10.0,754100.0,3770500.0,3770500.0,2028.0,,MULEI,SERVICEABLE,Y,SERVICEABLE
7,GKA 540R,GOK,1KZ-1829659,JTEBY29J50-0066869,,KZJ120R-PRADO,2008.0,,GLOBAL FUND,GLOBAL FUND,2018.0,10000000.0,10.0,1000000.0,10000000.0,,2018.0,,"PC,GLOBAL FUND",SERVICEABLE,Y,SERVICEABLE
8,GKA 181X,GOK,5L-6145980,JTEBD9FJ-70K001373,,LAND CRUISER-PRADO,2010.0,,POOL,POOL,2020.0,10000000.0,10.0,1000000.0,10000000.0,,2020.0,,MULEI,UNSERVICEABLE,Y,UNSERVICEABLE - MARKED FOR DISPOSAL
9,GKB 603B,GOK,1KD-2190210,JTEBH3FJ60-K074283,,LAND CRUISER-PRADO,2012.0,,POOL,POOL,2022.0,16000000.0,10.0,1600000.0,16000000.0,,2022.0,,MULEI,UNSERVICEABLE,Y,UNSERVICEABLE - MARKED FOR DISPOSAL
10,GKB 492C,GOK,1KD-2224294,JTEBH3FJ50-K082679,,LAND CRUISER-PRADO,2012.0,,STATE DEPARTMENT FOR ECONOMIC PLANNING,CMTE GROUNDS,2022.0,16000000.0,10.0,1600000.0,16000000.0,,2022.0,,MULEI,NOT SERVICEABLE-REQUIRES MAJOR REPAIRS,N,NOT SERVICEABLE-MARKED FOR DISPOSAL 
11,GKB 493C,GOK,5L-6209542,JTEBD9FJX0-K011363,,LAND CRUISER-PRADO,2012.0,,POOL,"VICE CHAIR, PENDING BILLS VERIFICATION COMMITTEE",2022.0,16000000.0,10.0,1600000.0,16000000.0,,2022.0,,"VICE CHAIR, PENDING BILLS VERIFICATION COMMITTEE",SERVICEABLE,Y,SERVICEABLE
12,GKB 613C,GOK,1KD-2222731,JTEBH3FJ50-K082309,,LAND CRUISER-PRADO,2012.0,,RMD,RMD,2022.0,16000000.0,10.0,1600000.0,16000000.0,,2022.0,,"DIRECTOR, RMD",SERVICEABLE,Y,SERVICEABLE
13,GKB 935D,GOK,1KD2320510,JTEBH3FJ40K114392,,LAND CRUISER-PRADO,2013.0,,RMD,RMD,2023.0,16000000.0,10.0,1600000.0,16000000.0,,2023.0,,"DIRECTOR, RMD",UNSERVICEABLE,N,UNSERVICEABLE
14,GKB 191E,GOK,1KD-2299357,JTEBH3FJ70-K114449,,LAND CRUISER-PRADO,2013.0,,POOL,CFAO MOTORS WORKSHOP,2023.0,16000000.0,10.0,1600000.0,16000000.0,,2023.0,,"CHAIR, PENDING BILLS VERIFICATION COMMITTEE",AWAITING MAJOR SERVICE,Y,AWAITING MAJOR SERVICE
15,GKB 438H,GOK,1KD-FTV2982,JTEBH3FJ90K126022,,LAND CRUISER-PRADO,2015.0,,NALM,COMPETITION TRIBUNAL,2025.0,16000000.0,10.0,1600000.0,12800000.0,3200000.0,2025.0,,"CEO, COMPETITION TRIBUNAL",SERVICEABLE,N,SERVICEABLE
16,GKB 749H,GOK,1KD2495453,JTEBH3FJ40K159610,,LAND CRUISER-PRADO,2015.0,,PPD,PPD,2025.0,16000000.0,10.0,1600000.0,12800000.0,3200000.0,2025.0,,"DIRECTOR, PPD",SERVICEABLE,N,SERVICEABLE
17,GKB 789H,GOK,1KD2350691,JTEBH3FJX0K123288,,LAND CRUISER-PRADO,2015.0,,PIPM,PIPM,2025.0,16000000.0,10.0,1600000.0,12800000.0,3200000.0,2025.0,,"DG, PIPM",UNSERVICEABLE,N,UNSERVICEABLE
18,GKB 537S,GOK,1KD-2681397,JTEBH3FJ50K187013,,LAND CRUISER-PRADO,2016.0,,POOL,RMD,2026.0,16000000.0,10.0,1600000.0,11200000.0,4800000.0,2026.0,,"DIRECTOR, RMD",UNSERVICEABLE,Y,AWAITING MAJOR SERVICE (GEARBOX REPLACEMENT)
19,GKB 786S,GOK,1KD-2748725,JTEBH3FJ80K192982,,LAND CRUISER-PRADO,2017.0,,CS OFFICE,"CHAIRMAN, EQUALIZATION FUND BOARD",2027.0,16000000.0,10.0,1600000.0,9600000.0,6400000.0,2027.0,,CS,SERVICEABLE,Y,SERVICEABLE
20,GK B787S,,1KD-2748066,JTEBH3FJ70-K192939,,LAND CRUISER-PRADO,2017.0,,CS OFFICE,EMALI POLICE STATION,2027.0,16000000.0,10.0,1600000.0,9600000.0,6400000.0,2027.0,,CS,UNSERVICEABLE,Y,MARKED FOR DISPOSAL
21,GKB 789S,GOK,1KD-2751777,JTEBH3FJ30-K193277,,LAND CRUISER-PRADO,2017.0,,PS OFFICE,PS OFFICE,2027.0,16000000.0,10.0,1600000.0,9600000.0,6400000.0,2027.0,,PS's SECRETARY,SERVICEABLE,Y,SERVICEABLE
22,GKB 890S,GOK,1KD-2751498,JTEBH3FJ60-K193225,,LAND CRUISER-PRADO,2017.0,,PS OFFICE,"VICE CHAIR, PENDING BILLS VERIFICATION COMMITTEE",2027.0,16000000.0,10.0,1600000.0,9600000.0,6400000.0,2027.0,,"VICE CHAIR, PENDING BILLS VERIFICATION COMMITTEE",SERVICEABLE,Y,SERVICEABLE
23,GKB 672M,GOK,1KD-2619714,JTEBH3F J80K181223,,LAND CRUISER-PRADO,2016.0,,PS OFFICE,PS OFFICE,2026.0,16000000.0,10.0,1600000.0,12800000.0,3200000.0,2026.0,,PS,SERVICEABLE,Y,SERVICEABLE
24,GKB 693U,GOK,1KD-2801420,JTEBH3FJ60K2C1579,,LAND CRUISER-PRADO,2018.0,,FORMER CS ROTICH,FORMER CS ROTICH,2028.0,16000000.0,10.0,1600000.0,8000000.0,8000000.0,2028.0,,CS,SERVICEABLE,Y,SERVICEABLE
25,GKB 694U,GOK,1KD-2801173,JTEBH3FJ70K201512,,LAND CRUISER-PRADO,2018.0,,BFEA,BFEA,2028.0,16000000.0,10.0,1600000.0,8000000.0,8000000.0,2028.0,,"DG, BFEA",SERVICEABLE,Y,SERVICEABLE
26,GKB 695U,GOK,1KD-2801515,JTEBH3FJ90K201561,,LAND CRUISER-PRADO,2018.0,,Ag. DA,Ag. DA,2028.0,16000000.0,10.0,1600000.0,8000000.0,8000000.0,2028.0,,Ag. DA,SERVICEABLE,Y,SERVICEABLE
27,GKB 277V,GOK,1KD-2846124,JTEBH3FJ50K211973,,LAND CRUISER-PRADO,2019.0,,PS OFFICE,STATE HOUSE,2029.0,16000000.0,10.0,1600000.0,6400000.0,9600000.0,2029.0,,PS,SERVICEABLE,Y,SERVICEABLE
28,GKB 279V,GOK,1KD-2851284,JTEBH3FJ20K213731,,LAND CRUISER-PRADO,2019.0,,PENSIONS,PENSIONS,2029.0,16000000.0,10.0,1600000.0,6400000.0,9600000.0,2029.0,,"Director, Pensions",SERVICEABLE,Y,SERVICEABLE
29,GKB 725V,GOK,1KD-B010369,JTEBH3FJ30K221191,,LAND CRUISER-PRADO,2019.0,,CS OFFICE,CMTE GROUNDS,2029.0,16000000.0,10.0,1600000.0,6400000.0,9600000.0,2029.0,,MULEI,NOT SERVICEABLE,Y, MARKED FOR DISPOSAL
30,GKB 726V,GOK,1KD-2864307,JTEBH3FJ40K218414,,LAND CRUISER-PRADO,2019.0,,CS OFFICE,CS OFFICE,2029.0,16000000.0,10.0,1600000.0,6400000.0,9600000.0,2029.0,,CS,SERVICEABLE,Y,SERVICEABLE
31,GKB 838V,GOK,1KD-B029343,JTEBH3FJ70K225129,,LAND CRUISER-PRADO,2019.0,,PAS,PAS,2029.0,16000000.0,10.0,1600000.0,6400000.0,9600000.0,2029.0,,PAS,SERVICEABLE,Y,SERVICEABLE
32,GKB 839V,GOK,1KD-B012401,JTEBH3FJ70K221744,,LAND CRUISER-PRADO,2019.0,,BUDGET,BUDGET,2029.0,16000000.0,10.0,1600000.0,6400000.0,9600000.0,2029.0,,"DIRECTOR, BUDGET",SERVICEABLE,Y,SERVICEABLE
33,GKB 842V,GOK,1KD-B043271,JTEBH3FJ30K227802,,LAND CRUISER-PRADO,2020.0,,PS OFFICE,PS OFFICE,2030.0,16000000.0,10.0,1600000.0,4800000.0,11200000.0,2030.0,,PS,SERVICEABLE,Y,SERVICEABLE
34,GKB 561W,GOK,1GD-8703030,JTEBR3FJ70K198303,,LAND CRUISER-PRADO,2021.0,,CS OFFICE,DG PDMO,2031.0,16000000.0,10.0,1600000.0,3200000.0,12800000.0,2031.0,,DG PDMO,SERVICEABLE,Y,SERVICEABLE
35,GKB 563W,GOK,1GD-8637596,JTEBR3FJ80K183518,,LAND CRUISER-PRADO,2020.0,,TRANSFERRED TO HEAD PUBLIC SERVICE,TRANSFERRED TO HEAD PUBLIC SERVICE,2030.0,16000000.0,10.0,1600000.0,4800000.0,11200000.0,2030.0,,MULEI,SERVICEABLE-TRANSFERRED TO HEAD PUBLIC SERVICE.,Y,SERVICEABLE-TRANSFERRED TO HEAD PUBLIC SERVICE.
36,GKB 604W,GOK,1GD-8704425,JTEBR3FJ60K198602,,LAND CRUISER-PRADO,2021.0,,CS OFFICE,CS OFFICE,2031.0,16000000.0,10.0,1600000.0,3200000.0,12800000.0,2031.0,,CS,SERVICEABLE,Y,SERVICEABLE
37,GKB 606W,GOK,1GD-8713538,JTEBR3FJ70K199810,,LAND CRUISER-PRADO,2021.0,,PS OFFICE,PS OFFICE,2031.0,16000000.0,10.0,1600000.0,3200000.0,12800000.0,2031.0,,PS,SERVICEABLE,Y,SERVICEABLE
38,GKB 061Z,GOK,1GD-8852287,JTEBR3FJ10K236902,,LAND CRUISER-PRADO,2021.0,,PPP,PPP,2031.0,16000000.0,10.0,1600000.0,3200000.0,12800000.0,2031.0,,"DG, PPP",SERVICEABLE,Y,SERVICEABLE
39,GKC 074A,GOK,1KZ-1726378,JTEBY29J000061451,,LAND CRUISER-PRADO,,,RMD,RMD,10.0,16000000.0,10.0,1600000.0,3236800000.0,-3220800000.0,10.0,,"DIRECTOR, RMD",SERVICEABLE,N,"SERVICEABLE - ASSIGNED TO DIRECTOR, RMD"
40,GKA 624H,GOK,1ZZ-FE,JTDBR22E703106897,,ZZE122R-COROLLA,2005.0,,RMD,RMD,2015.0,4700000.0,10.0,470000.0,8460000.0,-3760000.0,2015.0,,MULEI,SERVICEABLE,N,SERVICEABLE
41,GKA 826V,GOK,2ZRU268847,AHTLC58E203021015,,ZRE152R-COROLLA,2010.0,,POOL,POOL,2020.0,4700000.0,10.0,470000.0,6110000.0,-1410000.0,2020.0,,MULEI,UNSERVICEABLE,N,CURRENTLY UNDERGOING REPAIRS
42,GKA 012X,GOK,2ZRU291447,AHTLC58E803021973,,ZRE152R-COROLLA,2011.0,,POOL,POOL,2021.0,4700000.0,10.0,470000.0,5640000.0,-940000.0,2021.0,,MULEI,SERVICEABLE,Y,SERVICEABLE
43,GKB 278V,GOK,2ZR-W031856,AHTBF3JE500012943,,COROLLA,2018.0,,PIPM,PIPM,2028.0,4700000.0,10.0,470000.0,2350000.0,2350000.0,2028.0,,MULEI,SERVICEABLE,Y,SERVICEABLE
44,GKB 650C,GOK,2ZR-U557888,AHTLC58EX03032456,,COROLLA,2012.0,,POOL,POOL,2022.0,4700000.0,10.0,470000.0,5170000.0,-470000.0,2022.0,,MULEI,SERVICEABLE,Y,SERVICEABLE
45,GKB 984E,GOK,2ZR-U651490,AHTLC58E703034469,,ZRE152R-COROLLA,2013.0,,POOL,POOL,2023.0,4700000.0,10.0,470000.0,4700000.0,,2023.0,,MULEI,SERVICEABLE,Y,SERVICEABLE
46,GKB 858V,GOK,2ZRW390957,AHTBFWJE501003106,,COROLLA,2020.0,,POOL,POOL,2030.0,4700000.0,10.0,470000.0,1410000.0,3290000.0,2030.0,,MULEI,SERVICEABLE,Y,SERVICEABLE
47,GKB 876V,GOK,2ZRW395685,AHTBFWJE001003482,,COROLLA,2020.0,,POOL,POOL,2030.0,4700000.0,10.0,470000.0,1410000.0,3290000.0,2030.0,,MULEI,SERVICEABLE,Y,SERVICEABLE
48,GKA 141X,GOK,2KD-5228769,AHTDR22G605517029,,HILLUX,2011.0,,POOL,POOL,2021.0,8000000.0,10.0,800000.0,9600000.0,-1600000.0,2021.0,,MULEI,SERVICEABLE,Y,SERVICEABLE
49,GKB 491C,GOK,2KD-5846612,JTFRS12P90-0025942,,HIACE,2012.0,,POOL,POOL,2022.0,7000000.0,10.0,700000.0,7700000.0,-700000.0,2022.0,,MULEI,SERVICEABLE,Y,SERVICEABLE
50,GKA 130T,GOK,QR2708871A,JN1TANT30Z0160036,,XTRAIL,2008.0,,RMD,RMD,2018.0,6500000.0,10.0,650000.0,9750000.0,-3250000.0,2018.0,,MULEI,SERVICEABLE,Y,SERVICEABLE
51,GKB 486D,GOK,YD22281497A,JN1TENT30Z0151150,,XTRAIL,2012.0,,POOL,POOL,2022.0,6500000.0,10.0,650000.0,7150000.0,-650000.0,2022.0,,MULEI,SERVICEABLE,Y,SERVICEABLE
52,GKB 167E,GOK,QR25625518B,JN1TANT31Z0104779,,XTRAIL,2013.0,,POOL,POOL,2023.0,6500000.0,10.0,650000.0,6500000.0,,2023.0,,MULEI,UNSERVICEABLE ,Y,UNSERVICEABLE -MARKED FOR DISPOSAL
53,GKA 551P,GOK,QR20679606A,JN1TANT30A0110198,,XTRAIL,2008.0,,POOL,POOL,2018.0,6500000.0,10.0,650000.0,9750000.0,-3250000.0,2018.0,,MULEI,UNSERVICEABLE ,Y,UNSERVICEABLE -MARKED FOR DISPOSAL
54,GKA 552P,GOK,QR20686621A,JN1TANT30Z0110247,,XTRAIL,2008.0,,POOL,POOL,2018.0,6500000.0,10.0,650000.0,9750000.0,-3250000.0,2018.0,,MULEI,UNSERVICEABLE ,Y,UNSERVICEABLE -MARKED FOR DISPOSAL
55,GKB 954V,GOK,MR20663552C,JN1JANT32Z0012492,,X-TRAIL,2019.0,,POOL,POOL,2029.0,7100000.0,10.0,710000.0,2840000.0,4260000.0,2029.0,,MULEI,SERVICEABLE,Y,SERVICEABLE
56,GKB 963V,GOK,MR20663553C,JN1JANT32Z0012493,,X-TRAIL,2019.0,,POOL,GOVERNMENT DIGITAL PAYMENTS,2029.0,7100000.0,10.0,710000.0,2840000.0,4260000.0,2029.0,,"DIRECTOR, GDP",SERVICEABLE,Y,SERVICEABLE
57,GKB 520W,GOK,MR20799514C,JN1JANT32Z0012721,,X-TRAIL,2021.0,,AUDITOR GENERAL,AUDITOR GENERAL,2031.0,7100000.0,10.0,710000.0,1420000.0,5680000.0,2031.0,,MULEI,SERVICEABLE,Y,SERVICEABLE
58,GKB 558W,GOK,MR20798211C,JN1JANT32Z0012741,,X-TRAIL,2021.0,,POOL,POOL,2031.0,7100000.0,10.0,710000.0,1420000.0,5680000.0,2031.0,,MULEI,SERVICEABLE,Y,SERVICEABLE
59,GKB 959V,GOK,YD25845243T,MNTCC4D23Z0047076,,NAVARA,2019.0,,STATE OFFICERS CAR LOAN SCHEME,STATE OFFICERS CAR LOAN SCHEME,2029.0,11000000.0,10.0,1100000.0,4400000.0,6600000.0,2029.0,,INTERIM CEO,SERVICEABLE,Y,SERVICEABLE
60,GKB 969V,GOK,YD25032577B,JN1HC2E26Z0015095,,URVAN E26,2018.0,,STATE OFFICERS CAR LOAN SCHEME,STATE OFFICERS CAR LOAN SCHEME,2028.0,11000000.0,10.0,1100000.0,5500000.0,5500000.0,2028.0,,INTERIM CEO,UNSERVICEABLE,Y,CURRENTLY AT CROWN MOTORS FOR BODY REPAIRS
61,GKA 139X,GOK,TD42215788,JN1UBHW41Z0024321,,TD42-CIVILLIAN BUS/COACH,2010.0,,POOL,POOL,2020.0,18000000.0,10.0,1800000.0,23400000.0,-5400000.0,2020.0,,MULEI,SERVICEABLE,Y,SERVICEABLE
62,GKB 053V,GOK,,TFS86 DOUBLE CAB,2020,,,PAS,2030,2030,,5213000.0,1563900.0,3649100.0,2030.0,,,,N,ALLOCATED TO STATE DEPARTMENT FOR PUBLIC SERVICE,,
63,GKB 835V,GOK,4JK1UF9810,ACVDSCJR1J4045318,,TFS86 DOUBLE CAB,2020.0,,PENSIONS,PENSIONS,2030.0,5213000.0,10.0,521300.0,1563900.0,3649100.0,2030.0,,"DIRECTOR, PENSIONS",SERVICEABLE,Y,SERVICEABLE
64,GKB 836V,GOK,4JK1UF9816,ACVDSCJR7J4045324,,TFS86 DOUBLE CAB,2020.0,,POOL,"DIRECTOR, PUBLIC COMMUNICATIONS UNIT",2030.0,5213000.0,10.0,521300.0,1563900.0,3649100.0,2030.0,,"DITECTOR, PCU",SERVICEABLE,Y,SERVICEABLE
65,GKB 922V,GOK,TA9858,MPAUCS86GJT000217,,MUX,2018.0,,STATE OFFICERS CAR LOAN SCHEME,STATE OFFICERS CAR LOAN SCHEME,2028.0,8000000.0,10.0,800000.0,4000000.0,4000000.0,2028.0,,MULEI,SERVICEABLE,Y,SERVICEABLE
66,GKB 627W,GOK,4JK1VP4693,ACVDSCJR1K4064758,,TFS86 DOUBLE CAB,2021.0,,FFLOCA,FFLLOCA,2031.0,5213000.0,10.0,521300.0,1042600.0,4170400.0,2031.0,,"PC, FLLoCA",SERVICEABLE,Y,SERVICEABLE
67,GKB 632W,GOK,4JK1VP4692,ACVDSCJRXK4064757,,TFS86 DOUBLE CAB,2021.0,,FFLLOCA,FLLOCA,2031.0,5213000.0,10.0,521300.0,1042600.0,4170400.0,2031.0,,"PC, FLLoCA",SERVICEABLE,Y,SERVICEABLE
68,GKB 590S,GOK,363020,JAAN1R66PF7101104,,NQR BUS/COACH,2015.0,,POOL,POOL,2025.0,14000000.0,10.0,1400000.0,11200000.0,2800000.0,2025.0,,MULEI,SERVICEABLE,Y,SERVICEABLE
69,GKB 087T,GOK,492431,JALFRR33LF7003640,,FRR BUS/COACH,2018.0,,POOL,POOL,2028.0,22000000.0,10.0,2200000.0,11000000.0,11000000.0,2028.0,,MULEI,SERVICEABLE,Y,SERVICEABLE
70,GKB 453S,GOK,R20A59057924,MRHRM2850HP040009,,CR-V-Comfort (AWD) S.WAGON,2016.0,,FFLOCA,FFLOCA,2026.0,5000000.0,10.0,500000.0,3500000.0,1500000.0,2026.0,,"PC, FLLoCA",SERVICEABLE,Y,SERVICEABLE
71,GKB 456S,GOK,R20A59057937,MRHRM2850HP040022,,CR-V-Comfort (AWD) S.WAGON,2016.0,,FSAD,NAKURU CENTRAL POLICE STATION,2026.0,5000000.0,10.0,500000.0,3500000.0,1500000.0,2026.0,,MULEI,UNSERVICEABLE,Y,THE VEHICLE WAS INVOLVED IN AN ACCIDENT AND IS SCHEDULED FOR REPAIRS
72,GKB 491S,GOK,R20A59057916,MRHRM2850HP040005,,CR-V-Comfort 4*2 S.WAGON,2016.0,,POOL,POOL,2026.0,5000000.0,10.0,500000.0,3500000.0,1500000.0,2026.0,,MULEI,SERVICEABLE,Y,SERVICEABLE
73,GKB 493S,GOK,R20A59057920,MRHRM2850HP040010,,CR-V-Comfort 4*2 S.WAGON,2016.0,,POOL,POOL,2026.0,5000000.0,10.0,500000.0,3500000.0,1500000.0,2026.0,,MULEI,SERVICEABLE,Y,SERVICEABLE
74,GKB 494S,GOK,R20A59057917,MRHRM2850HP040006,,CR-V-Comfort 4*2 S.WAGON,2016.0,,POOL,POOL,2026.0,5000000.0,10.0,500000.0,3500000.0,1500000.0,2026.0,,MULEI,SERVICEABLE,Y,SERVICEABLE
75,GKB 495S,GOK,R20A59057938,MRHRM2850HP040023,,CR-V-Comfort 4*2 S.WAGON,2016.0,,DIRECTOR IFMIS,DIRECTOR IFMIS,2026.0,5000000.0,10.0,500000.0,3500000.0,1500000.0,2026.0,,MULEI,SERVICEABLE,Y,SERVICEABLE
76,GKB 496S,GOK,R20A59057925,MRHRM2850HP040012,,CR-V-Comfort 4*2 S.WAGON,2016.0,,"DIRECTOR,M&FA","DIRECTOR,M&FA",2026.0,5000000.0,10.0,500000.0,3500000.0,1500000.0,2026.0,,MULEI,SERVICEABLE,Y,SERVICEABLE
77,GKB 497S,GOK,R20A59057923,MRHRM2850HP040011,,CR-V-Comfort 4*2 S.WAGON,2016.0,,POOL,POOL,2026.0,5000000.0,10.0,500000.0,3500000.0,1500000.0,2026.0,,MULEI,SERVICEABLE,Y,SERVICEABLE
78,GKB 887V,GOK,L15BG2253416,MRHRW2870LP040030,,CR-V Executive S.WAGON,2020.0,,PS OFFICE,PS OFFICE,2030.0,6900000.0,10.0,690000.0,2070000.0,4830000.0,2030.0,,MULEI,SERVICEABLE,Y,SERVICEABLE
79,GKB 888V,GOK,L15BG2253396,MRHRW2870LP040010,,CR-V Executive S.WAGON,2020.0,,CS OFFICE,CS OFFICE,2030.0,6900000.0,10.0,690000.0,2070000.0,4830000.0,2030.0,,MULEI,SERVICEABLE,Y,SERVICEABLE
80,GKB 891V,GOK,L15BG2253399,MRHRW2870LP040024,,CR-V Executive S.WAGON,2020.0,,POOL,CS OFFICE,2030.0,6900000.0,10.0,690000.0,2070000.0,4830000.0,2030.0,,CS's ADVISOR,SERVICEABLE,Y,SERVICEABLE
81,GKB 893V,GOK,L15BG2253402,MRHRW2870LP040003,,CR-V Executive S.WAGON,2020.0,,PS OFFICE,PS OFFICE,2030.0,6900000.0,10.0,690000.0,2070000.0,4830000.0,2030.0,,MULEI,SERVCEABLE,Y,SERVCEABLE
82,GKB 895V,GOK,L15BG2204598,MRHRW2870KP040002,,CR-V Executive S.WAGON,2019.0,,"DIRECTOR, NALM","DIRECTOR, NALM",2029.0,6900000.0,10.0,690000.0,2760000.0,4140000.0,2029.0,,MULEI,SERVICEABLE,Y,SERVICEABLE
83,GKB 483S,GOK,PY30493083,JM6KE1032G0372293,,CX5-S.WAGON,2016.0,,STATE OFFICERS CAR LOAN SCHEME,STATE OFFICERS CAR LOAN SCHEME,2026.0,5000000.0,10.0,500000.0,3500000.0,1500000.0,2026.0,,INTERIM CEO,SERVICEABLE,Y,SERVICEABLE
84,GKB 484S,GOK,PY30467576,JM6KE1032G0355181,,CX5-S.WAGON,2016.0,,,,2026.0,5000000.0,10.0,500000.0,3500000.0,1500000.0,2026.0,,MULEI,SERVICEABLE,Y,THE VEHICLE IS STILL HELD AT CMC WORKSHOP DUE TO UNRESOLVED PAYMENT
85,GKB 823V,GOK,PY10622878,JM6KF4WLAL0375138,,CX5-S.WAGON,2020.0,,CS OFFICE,CS OFFICE,2030.0,5000000.0,10.0,500000.0,1500000.0,3500000.0,2030.0,,MULEI,SERVICEABLE,N,THE VEHICLE IS STILL HELD AT CMC WORKSHOP DUE TO UNRESOLVED PAYMENT
86,GKB 968S,GOK,YD69565,JF2BS9KC2JG106737,,OUTBACK,2018.0,,CS OFFICE,CS OFFICE,2028.0,8000000.0,10.0,800000.0,4000000.0,4000000.0,2028.0,,MULEI,SERVICEABLE,Y,SERVICEABLE
87,GKB 107M,GOK,WLAT134531,MNBUSFE4E907W206220,,EVEREST,2007.0,,POOL,POOL,2017.0,5000000.0,10.0,500000.0,8000000.0,-3000000.0,2017.0,,MULEI,SERVICEABLE,Y,THE VEHICLE IS STILL HELD AT CMC WORKSHOP DUE TO UNRESOLVED PAYMENT
88,GKB 482S,GOK,QJ2LJHR74177,6FPJXXMJWJHR74177,,EVEREST,2017.0,,F&SAD,F&SAD,2027.0,7000000.0,10.0,700000.0,4200000.0,2800000.0,2027.0,,MULEI,SERVICEABLE,Y,SERVICEABLE
89,GKB 811V,GOK,QJ1LJK51424,6FPJXXMJWJKJ51424,,EVEREST,2020.0,,"DG,AS&QA","DG,AS&QA",2030.0,9000000.0,10.0,900000.0,2700000.0,6300000.0,2030.0,,MULEI,SERVICEABLE,Y,SERVICEABLE
90,KCL 122J,GOK,,RANGER DOUBLE CAB,,,,POOL,POOL,10,,8000000.0,1618400000.0,-1610400000.0,10.0,,,,Y,SERVICEABLE,,
91,GKA 021T,GOK,4G64NS8201,BAV00V31W8S000485,,PAJERO,2008.0,,POOL,POOL,2018.0,2000000.0,10.0,200000.0,3000000.0,-1000000.0,2018.0,,MULEI,NOT SERVICEABLE,Y,NOT SERVICEABLE
92,GKA 521T,GOK,DZ584050520224DT,SALFA27B39H128010,,FREELANDER,2008.0,,POOL,POOL,2018.0,6000000.0,10.0,600000.0,9000000.0,-3000000.0,2018.0,,MULEI,NOT SERVICEABLE,Y,NOT SERVICEABLE
93,GKA 672V,GOK,100419141815244DT,SALLDHMT7AK072685,,DEFENDER-S.WAGON,2010.0,,CS OFFICE,CMC MOTORS,2020.0,6000000.0,10.0,600000.0,7800000.0,-1800000.0,2020.0,,MULEI,NOT SERVICEABLE,Y,AT THE CMC DEALERSHIP
94,GKA 849X,GOK,DZ784004528224DT,SALFA2AB4BH226042,,FREELANDER,2010.0,,POOL,POOL,2020.0,6000000.0,10.0,600000.0,7800000.0,-1800000.0,2020.0,,MULEI,NOT SERVICEABLE,Y,NOT SERVICEABLE
95,GKB 566C,GOK,0655804306DT,SALLAAAF3CA635719,,DISCOVERY,2012.0,,POOL,"PC, PFMR",2022.0,18000000.0,10.0,1800000.0,19800000.0,-1800000.0,2022.0,,MULEI,SERVICEABLE,Y,SERVICEABLE
96,GKB 951F,GOK,CDA419300,WVWZZZ3CZEE507777,,PASSAT,2013.0,,CS OFFICE,CS OFFICE,2023.0,8000000.0,10.0,800000.0,8000000.0,,2023.0,,MULEI,SERVICEABLE,Y,SERVICEABLE
97,GKB 970F,GOK,CDA399677,WVWZZZ3CZCE557673,,PASSAT,2013.0,,CS OFFICE,CS OFFICE,2023.0,8000000.0,10.0,800000.0,8000000.0,,2023.0,,MULEI,SERVICEABLE,N,SERVICEABLE
98,GKB 851J,GOK,CDA435908,WVWZZZ3CZEE078826,,PASSAT,2013.0,,PPP,PPP,2023.0,8000000.0,10.0,800000.0,8000000.0,,2023.0,,"SECRETARY, PPP TRIBUNAL",UNSERVICEABLE,Y,UNSERVICEABLE-MARKED FOR DISPOSAL
99,GKB 584W,GOK,DPJ001033,WVGZZ5NZMM001708,,TIGUAN HIGHLINE ALLSPACE,2021.0,,NIFCA,NIFCA,2031.0,6500000.0,10.0,650000.0,1300000.0,5200000.0,2031.0,,MULEI,UNSERVICEABLE,N,THE VEHICLE WAS INVOLVED IN AN ACCIDENT AND AWAITING APPROVAL FOR REPAIRS
100,KCH 455B,GOK,FVT37023,,HYUNDAI-VAN,2018,,RMD,RMD,RMD,,2028.0,500000.0,2500000.0,2500000.0,2028.0,,,SERVICEABLE,N,AWAITING TRANSFER TO NATONAL TREASURY FROM DONOR,
101,KDG 293H,GOK,10FJCE2438351,VF38D5GYTJL022990,,508-SALOON,2014.0,,PAS,PAS,2024.0,9800000.0,10.0,980000.0,8820000.0,980000.0,2024.0,,MULEI,SERVICEABLE,N,ALLOCATED TO STATE DEPARTMENT FOR PUBLIC SERVICE
102,GKB 489S,GOK,10FJBM2079733,VF38D5FCAEL026288,,508-SALOON,2014.0,,POOL,URYSIA MOTORS,2024.0,9800000.0,10.0,980000.0,8820000.0,980000.0,2024.0,,MULEI,UNSERVICEABLE,Y,NOT SERVICEABLE- AWAITING MAJOR SERVICEABLE
103,GKB 490S,GOK,10FJBM2080263,VF38DFCAEL026289,,508-SALOON,2014.0,,POOL,URYSIA MOTORS,2024.0,9800000.0,10.0,980000.0,8820000.0,980000.0,2024.0,,MULEI,UNSERVICEABLE,Y,NOT SERVICEABLE- AWAITING MAJOR SERVICEABLE
104,GKB 806Y,GOK,10FJCE2421372,VF38D5GYTJL015170,,508-SALOON,2018.0,,PPP,PPP,2028.0,9800000.0,10.0,980000.0,4900000.0,4900000.0,2028.0,,"DG, PPP",SERVICEABLE,Y,SERVICEABLE
105,GKB 814Y,GOK,10FJCE2422139,VF38D5GYTJL015735,,508-SALOON,2018.0,,DPR/F,DPR/F,2028.0,9800000.0,10.0,980000.0,4900000.0,4900000.0,2028.0,,MULEI,SERVICEABLE,Y,SERVICEABLE
106,GKB 848Y,GOK,10FJCE2437540,VF38D5GYTJL022615,,508-SALOON,2018.0,,AUDITOR GENERAL,AUDITOR GENERAL,2028.0,9800000.0,10.0,980000.0,4900000.0,4900000.0,2028.0,,MULEI,SERVICEABLE,Y,SERVICEABLE
107,GKB 883Y,GOK,10FJCE2357732,VF38D5GYTHL041641,,508-SALOON,2017.0,,CS OFFICE,CS OFFICE,2027.0,9800000.0,10.0,980000.0,5880000.0,3920000.0,2027.0,,MULEI,SERVICEABLE,Y,SERVICEABLE
108,GKB 621Z,GOK,10FJCE2362878,VF38D5GYTHL051726,,508-SALOON,2018.0,,DPS&M,DPS&M,2028.0,9800000.0,10.0,980000.0,4900000.0,4900000.0,2028.0,,"DIRECTOR, DPS&M ",SERVICEABLE,N,SERVICEABLE
109,GKB 700W,GOK,10FJCX2670556,VF3M45GYVLS160612,,3008 CROSSOVER S.WAGON,2020.0,,PPP,PPP,2030.0,8700000.0,10.0,870000.0,2610000.0,6090000.0,2030.0,,"DG, PPP",SERVICEABLE,Y,SERVICEABLE
110,GKB 650Y,GOK,10FJCG2525225,VF3M45GYVKS084017,,3008 CROSSOVER S.WAGON,2018.0,,POOL,PAS,2028.0,8700000.0,10.0,870000.0,4350000.0,4350000.0,2028.0,,PAS,SERVICEABLE,Y,SERVICEABLE
111,GKB 655Y,GOK,10FJCG2492997,VF3M45GYVJS400533,,3008 CROSSOVER S.WAGON,2018.0,,PSSF,PSSF,2028.0,8700000.0,10.0,870000.0,4350000.0,4350000.0,2028.0,,"CEO, PSSF",SERVICEABLE,Y,SERVICEABLE
112,GKB 656Y,GOK,10FJCG2492597,VF3M45GYVJS400537,,3008 CROSSOVER S.WAGON,2018.0,,AFDB,AFDB,2028.0,8700000.0,10.0,870000.0,4350000.0,4350000.0,2028.0,,MULEI,SERVICEABLE,Y,SERVICEABLE
113,GKB 657Y,GOK,10FJCG2492594,VF3M45GYVJS400536,,3008 CROSSOVER S.WAGON,2018.0,,PPP,PPP,2028.0,8700000.0,10.0,870000.0,4350000.0,4350000.0,2028.0,,"DG, PPP",SERVICEABLE,Y,SERVICEABLE
114,GKB 658Y,GOK,10FJCG2490456,VF3M45GYVJS400540,,3008 CROSSOVER S.WAGON,2018.0,,REGIONAL INTERNAL AUDITOR OFFICE,REGIONAL INTERNAL AUDITOR OFFICE,2028.0,8700000.0,10.0,870000.0,4350000.0,4350000.0,2028.0,,MULEI,SERVICEABLE,Y,SERVICEABLE
115,GKB 659Y,GOK,10FJCG2525224,VF3M45GYVKS084018,,3008 CROSSOVER S.WAGON,2018.0,,POOL,POOL,2028.0,8700000.0,10.0,870000.0,4350000.0,4350000.0,2028.0,,MULEI,SERVICEABLE,Y,SERVICEABLE
116,GKB 661Y,GOK,10FJCG2490664,VF3M45GYVJS407605,,3008 CROSSOVER S.WAGON,2018.0,,Ag. DA,Ag. DA,2028.0,8700000.0,10.0,870000.0,4350000.0,4350000.0,2028.0,,Ag. DA,SERVICEABLE,Y,SERVICEABLE
117,GKB 664Y,GOK,10FJCG2493026,VF3M45GYVJS402529,,3008 CROSSOVER S.WAGON,2018.0,,REGIONAL INTERNAL AUDITOR OFFICE,REGIONAL INTERNAL AUDITOR OFFICE,2028.0,8700000.0,10.0,870000.0,4350000.0,4350000.0,2028.0,,MULEI,SERVICEABLE,Y,SERVICEABLE
118,GKB 681Y,GOK,0FJCG2485301,VF3M45GYVJS358965,,3008 CROSSOVER S.WAGON,2018.0,,REGIONAL INTERNAL AUDITOR OFFICE,REGIONAL INTERNAL AUDITOR OFFICE,2028.0,8700000.0,10.0,870000.0,4350000.0,4350000.0,2028.0,,MULEI,SERVICEABLE,Y,SERVICEABLE
119,GKB 800Y,GOK,10FJCG2414324,VF3M45GYVJS172869,,3008 CROSSOVER S.WAGON,2018.0,,REGIONAL INTERNAL AUDITOR OFFICE,REGIONAL INTERNAL AUDITOR OFFICE,2028.0,8700000.0,10.0,870000.0,4350000.0,4350000.0,2028.0,,MULEI,SERVICEABLE,N,SERVICEABLE
120,GKB 801Y,GOK,10FCJG2421474,VF3M45GYVJS172876,,3008 CROSSOVER S.WAGON,2018.0,,PENSIONS,URYSIA MOTORS,2028.0,8700000.0,10.0,870000.0,4350000.0,4350000.0,2028.0,,"DIRECTOR, PENSIONS",UNSERVICEABLE,Y,UNSERVICEABLE - AWAITING POST-ACCIDENT REPAIRS
121,GKB 802Y,GOK,10FJCG2438497,VF3M45GYVJS165327,,3008 CROSSOVER S.WAGON,2018.0,,PDMO,PDMO,2028.0,8700000.0,10.0,870000.0,4350000.0,4350000.0,2028.0,,MULEI,SERVICEABLE,Y,SERVICEABLE
122,GKB 803Y,GOK,10FJCG2414494,VF3M45GYVJS172871,,3008 CROSSOVER S.WAGON,2018.0,,AS&QA,AS&QA,2028.0,8700000.0,10.0,870000.0,4350000.0,4350000.0,2028.0,,MULEI,SERVICEABLE,Y,SERVICEABLE
123,GKB 804Y,GOK,10FJCG2421471,VF3M45GYVJS172874,,3008 CROSSOVER S.WAGON,2018.0,,PIPM,PIPM,2028.0,8700000.0,10.0,870000.0,4350000.0,4350000.0,2028.0,,"DG, PIPM",SERVICEABLE,Y,SERVICEABLE
124,GKB 805Y,GOK,10FJCG2439051,VF3M45GYVJS165328,,3008 CROSSOVER S.WAGON,2018.0,,BFEA,BFEA,2028.0,8700000.0,10.0,870000.0,4350000.0,4350000.0,2028.0,,"DG, BFEA",SERVICEABLE,Y,SERVICEABLE
125,GKB 824Y,GOK,10FJCG2502842,VF3M45GYVJS443713,,3008 CROSSOVER S.WAGON,2018.0,,PA TO CS,PA TO CS,2028.0,8700000.0,10.0,870000.0,4350000.0,4350000.0,2028.0,,"PA, CS",SERVICEABLE,Y,SERVICEABLE
126,GKB 839Y,GOK,10FJCG2421472,VF3M45GYVJS172875,,3008 CROSSOVER S.WAGON,2018.0,,CS OFFICE,"HEAD, SUPPLY CHAIN MANAGEMENT UNIT",2028.0,8700000.0,10.0,870000.0,4350000.0,4350000.0,2028.0,,CS,SERVICEABLE,Y,SERVICEABLE
127,GKB 842Y,GOK,10FJCG2437778,VF3M45GYVJS165331,,3008 CROSSOVER S.WAGON,2018.0,,EQUALIZATION FUND,EQUALIZATION FUND,2028.0,8700000.0,10.0,870000.0,4350000.0,4350000.0,2028.0,,"CEO, EQUALIZATION FUND",SERVICEABLE,Y,SERVICEABLE
128,GKB 845Y,GOK,10FJCG2441754,VF3M45GYVJS165329,,3008 CROSSOVER S.WAGON,2018.0,,POOL,"DIRECTOR, IGFRD",2028.0,8700000.0,10.0,870000.0,4350000.0,4350000.0,2028.0,,"DIRECTOR, IGFRD",SERVICEABLE,Y,SERVICEABLE
129,GKB 854Y,GOK,10FJCG2442920,VF3M45GYVJS172872,,3008 CROSSOVER S.WAGON,2018.0,,REGIONAL INTERNAL AUDITOR OFFICE,REGIONAL INTERNAL AUDITOR OFFICE,2028.0,8700000.0,10.0,870000.0,4350000.0,4350000.0,2028.0,,,SERVICEABLE,Y,SERVICEABLE
130,GKB 860Y,GOK,10FJCG2440881,VF3M45GYVJS165330,,3008 CROSSOVER S.WAGON,2018.0,,REGIONAL INTERNAL AUDITOR OFFICE,REGIONAL INTERNAL AUDITOR OFFICE,2028.0,8700000.0,10.0,870000.0,4350000.0,4350000.0,2028.0,,,SERVICEABLE,Y,SERVICEABLE
131,GKB 861Y,GOK,10FJCG2414495,VF3M45GYVJS172870,,3008 CROSSOVER S.WAGON,2018.0,,REGIONAL INTERNAL AUDITOR OFFICE,REGIONAL INTERNAL AUDITOR OFFICE,2028.0,8700000.0,10.0,870000.0,4350000.0,4350000.0,2028.0,,,SERVICEABLE,Y,SERVICEABLE
132,GKB 026Z,GOK,10FJCG2525222,VF3M45GYVJS083222,,3008 CROSSOVER S.WAGON,2018.0,,POOL,"PAS, FRONT OFFICE ",2028.0,8700000.0,10.0,870000.0,4350000.0,4350000.0,2028.0,,PAS,SERVICEABLE,Y,SERVICEABLE
133,GKB 531Z,GOK,10FJCG2466376,VF3M45GYVJS271624,,3008 CROSSOVER S.WAGON,2018.0,,COMPETITION TRIBUNAL,COMPETITION TRIBUNAL,2028.0,8700000.0,10.0,870000.0,4350000.0,4350000.0,2028.0,,"CEO, COMPETITION TRIBUNAL",SERVICEABLE,Y,SERVICEABLE
134,GKB 532Z,GOK,10FJCG2467275,VF3M45GYVJS271619,,3008 CROSSOVER S.WAGON,2018.0,,PPRA,PPRA,2028.0,8700000.0,10.0,870000.0,4350000.0,4350000.0,2028.0,,,SERVICEABLE-DEPLOYED TO PPRA,Y,SERVICEABLE-DEPLOYED TO PPRA
135,GKB 533Z,GOK,10FJCG2465407,VF3M45GYVJS271625,,3008 CROSSOVER S.WAGON,2018.0,,POOL,ATHI RIVER POLICE STATION,2028.0,8700000.0,10.0,870000.0,4350000.0,4350000.0,2028.0,,MULEI,UNSERVICEABLE,Y,THE VEHICLE WAS INVOLVED IN A MAJOR ACCIDENT AND IS BEYOND REPAIR
136,GKB 233W,GOK,,,,OUTBACK,,,CS OFFICE,CS OFFICE,10.0,,10.0,,,,10.0,,MULEI,LEASE VEHICLE,N,LEASE VEHICLE - DEPLOYED FROM NMS (DEFUNCT)
137,GKB 234Z,GOK,,,,OUTBACK,,,POOL,POOL,10.0,,10.0,,,,10.0,,MULEI,LEASE VEHICLE,N,LEASE VEHICLE - DEPLOYED FROM NMS (DEFUNCT)
138,GKB 376W,GOK,,,,OUTBACK,,,POOL,POOL,10.0,,10.0,,,,10.0,,MULEI,LEASE VEHICLE,N,LEASE VEHICLE - DEPLOYED FROM NMS (DEFUNCT)
139,GKB 462Z,GOK,,,,TFS86 DOUBLE CAB,,,POOL,POOL,10.0,,10.0,,,,10.0,,MULEI,LEASE VEHICLE,N,LEASE VEHICLE - DEPLOYED FROM NMS (DEFUNCT)
140,GK C793A,GOK,1GD9223413,JTEBR3FJ70K325440,,LAND CRUISER-PRADO,2023.0,,"DG,PIPM","DG,PIPM",2033.0,17210000.12,0.1,1721100.0,0.0,1721100.0,2033.0,,MULEI,SERVICEABLE,Y,SERVICEABLE
141,GK C806A,GOK,1GD9238137,JTEBRFJ00K330379,,LAND CRUISER-PRADO,2023.0,,CS OFFICE,CS OFFICE,2033.0,17210000.12,0.1,1721100.0,0.0,1721100.0,2033.0,,MULEI,SERVICEABLE,Y,SERVICEABLE
142,GK C807A,GOK,1GD9246575,JTEBR3FJ50K333052,,LAND CRUISER-PRADO,2023.0,,PS OFFICE,PS OFFICE,2033.0,17210000.12,0.1,1721100.0,0.0,1721100.0,2033.0,,MULEI,SERVICEABLE,Y,SERVICEABLE
143,GK C897A,GOK,1GD5380440,MHFBA3FS301051040,,TOYOTA FORTUNER,2023.0,,GLOBAL FUND,GLOBAL FUND,2033.0,13577157.0,0.1,1357715.7,,,2033.0,,PROGRAM COORDINATOR,SERVICEABLE,Y,SERVICEABLE
144,GK C305B,GOK,1GD-1369143,AHTKA3FS200631965,,TOYOTA FORTUNER,2024.0,,GLOBAL FUND,GLOBAL FUND,2034.0,,,,,,2034.0,,PROGRAM COORDINATOR,SERVICEABLE,Y,SERVICEABLE
145,GKC719B,GOK,1GD-9362958,JTEARCAJ20K008362,,LAND CRUISER-PRADO,2024.0,,FFLOCA,FFLOCA,2034.0,,,,,,2034.0,,"PC, FLLoCA",SERVICEABLE,Y,SERVICEABLE
146,GK A640T,GOK,YD22278705A,JN1TENT30Z0150371,,NISSAN XTRAIL,2008.0,,POOL,CMTE GROUNDS,2018.0,,,,,,,,MULEI,UNSERVICEABLE,Y,MARKED FOR DISPOSAL
147,GK A673V,GOK,100419224144244DT,SALLDHMT7AK072684,,LANDROVER DEFENDER,2010.0,,POOL,CMTE GROUNDS,2018.0,,,,,,,,MULEI,UNSERVICEABLE,Y,MARKED FOR DISPOSAL
148,GK A897X,GOK,100815160612244DT,SALLDHMT7BK072925,,LANDROVER DEFENDER,2010.0,,POOL,CMTE GROUNDS,2018.0,,,,,,,,MULEI,UNSERVICEABLE,Y,MARKED FOR DISPOSAL
149,GK A138G,GOK,61546904,61546904,,PEUGEOT 504,2003.0,,POOL,CMTE GROUNDS,2013.0,,,,,,,,MULEI,UNSERVICEABLE,Y,MARKED FOR DISPOSAL
150,GK A848H,GOK,1RZ-3340699,RZH114-5500504,,TOYOTA HIACE,2004.0,,POOL,CMTE GROUNDS,2014.0,,,,,,,,MULEI,UNSERVICEABLE,Y,MARKED FOR DISPOSAL
151,GK A141G,GOK,168380,7101521,,ISUZU TROOPER,2003.0,,POOL,CMTE GROUNDS,2013.0,,,,,,,,MULEI,UNSERVICEABLE,Y,MARKED FOR DISPOSAL
